snapped_at,price,market_cap,total_volume
2016-07-18 00:00:00,0.00142552,0.0,37.15680641456641
2016-07-19 00:00:00,0.00190934,0.0,1528.7113185261467
2016-07-20 00:00:00,0.00198814,0.0,548.8117343163944
2016-07-21 00:00:00,0.00191775,0.0,200.55448739574916
2016-07-22 00:00:00,0.00185526,0.0,185.72073900982178
2016-07-23 00:00:00,0.00168186,0.0,182.9542805540689
2016-07-24 00:00:00,0.00148807,0.0,108.08460207615973
2016-07-25 00:00:00,0.00135622,0.0,195.14194068660888
2016-07-26 00:00:00,0.00130716,0.0,113.0824856996345
2016-07-27 00:00:00,0.00132076,0.0,118.93213164154147
2016-07-28 00:00:00,0.00139653,0.0,69.29770487739624
2016-07-29 00:00:00,0.00135231,0.0,113.61776449665403
2016-07-30 00:00:00,0.00132119,0.0,49.48262282461948
2016-07-31 00:00:00,0.00128469,0.0,47.12513277030817
2016-08-01 00:00:00,0.00129359,0.0,67.29752572169981
2016-08-02 00:00:00,0.00151008,0.0,227.55319470699433
2016-08-03 00:00:00,0.00151708,0.0,105.72028447816038
2016-08-04 00:00:00,0.00157572,0.0,86.97909634759671
2016-08-05 00:00:00,0.00150006,0.0,46.038855443590876
2016-08-06 00:00:00,0.00149142,0.0,44.24648753582807
2016-08-07 00:00:00,0.00147925,0.0,59.75020590238288
2016-08-08 00:00:00,0.0015185,0.0,220.846531114066
2016-08-09 00:00:00,0.00147943,0.0,80.26605477206282
2016-08-10 00:00:00,0.00141464,0.0,73.73364190708487
2016-08-11 00:00:00,0.00157455,0.0,101.84231053697695
2016-08-12 00:00:00,0.00151096,0.0,102.6948360431237
2016-08-13 00:00:00,0.00155002,0.0,96.75940418258553
2016-08-14 00:00:00,0.00152677,0.0,43.615040555475915
2016-08-15 00:00:00,0.00157917,0.0,52.60199948960632
2016-08-16 00:00:00,0.00162224,0.0,62.82780266206525
2016-08-17 00:00:00,0.00165784,0.0,176.42114163762938
2016-08-18 00:00:00,0.00167234,0.0,71.54362340674598
2016-08-19 00:00:00,0.00161514,0.0,76.63300114516801
2016-08-20 00:00:00,0.00159786,0.0,55.05453595469441
2016-08-21 00:00:00,0.00154489,0.0,66.64817959691194
2016-08-22 00:00:00,0.00152974,0.0,66.44050527594692
2016-08-23 00:00:00,0.00151138,0.0,73.7047606461787
2016-08-24 00:00:00,0.00157957,0.0,87.34026934827328
2016-08-25 00:00:00,0.00155197,0.0,68.088587086099
2016-08-26 00:00:00,0.00152895,0.0,117.80514458243215
2016-08-27 00:00:00,0.00161896,0.0,152.00204788235956
2016-08-28 00:00:00,0.00154974,0.0,46.28472578196242
2016-08-29 00:00:00,0.00154754,0.0,51.09068441702081
2016-08-30 00:00:00,0.00151541,0.0,82.03347567668932
2016-08-31 00:00:00,0.00152122,0.0,58.22658482702126
2016-09-01 00:00:00,0.00150301,0.0,36.23334693142681
2016-09-02 00:00:00,0.00151472,0.0,42.9205425545853
2016-09-03 00:00:00,0.00146465,0.0,59.91946813348072
2016-09-04 00:00:00,0.00137195,0.0,34.219814632163505
2016-09-05 00:00:00,0.00139799,0.0,42.6130469132069
2016-09-06 00:00:00,0.00126739,0.0,24.7779562024907
2016-09-07 00:00:00,0.00128487,0.0,25.509399975647437
2016-09-08 00:00:00,0.00122939,0.0,55.39764999752683
2016-09-09 00:00:00,0.00124245,0.0,43.57009194201079
2016-09-10 00:00:00,0.00126842,0.0,50.50552395122603
2016-09-11 00:00:00,0.00126665,0.0,35.01007653333501
2016-09-12 00:00:00,0.00127856,0.0,31.65022199048594
2016-09-13 00:00:00,0.00138455,0.0,65.09811965387146
2016-09-14 00:00:00,0.00141065,0.0,25.477432024484163
2016-09-15 00:00:00,0.00137027,0.0,22.716408408538133
2016-09-16 00:00:00,0.00136863,0.0,16.539897808953665
2016-09-17 00:00:00,0.00141562,0.0,57.71574910942426
2016-09-18 00:00:00,0.0014064,0.0,16.61978195928459
2016-09-19 00:00:00,0.00152992,0.0,43.394569701703766
2016-09-20 00:00:00,0.00149444,0.0,61.62457732240166
2016-09-21 00:00:00,0.00145216,0.0,37.63809875659513
2016-09-22 00:00:00,0.0014917,0.0,25.901534553552793
2016-09-23 00:00:00,0.00149649,0.0,36.93798998386857
2016-09-24 00:00:00,0.00147513,0.0,20.3395332057035
2016-09-25 00:00:00,0.0015177,0.0,40.50173705609848
2016-09-26 00:00:00,0.00153078,0.0,42.09349651847538
2016-09-27 00:00:00,0.00150729,0.0,41.81066601069239
2016-09-28 00:00:00,0.001478,0.0,42.46667717665842
2016-09-29 00:00:00,0.00148371,0.0,20.32065803433803
2016-09-30 00:00:00,0.00147528,3336.395228669667,53.0676852374696
2016-10-01 00:00:00,0.00148149,3338.6354421027877,28.30973196467661
2016-10-02 00:00:00,0.00150732,3383.749490951948,45.374174063555984
2016-10-03 00:00:00,0.00150897,3371.943866469113,45.76142758737215
2016-10-04 00:00:00,0.00151356,3368.164444324049,64.75170353836069
2016-10-05 00:00:00,0.00151169,3360.1874701691772,37.040449796881596
2016-10-06 00:00:00,0.00149665,3332.920118089033,33.071469212034785
2016-10-07 00:00:00,0.00153477,3397.4203810294966,44.71037110365998
2016-10-08 00:00:00,0.00153492,3391.5363080958928,40.95448613284028
2016-10-09 00:00:00,0.00154338,3384.4175217541765,26.821125365715545
2016-10-10 00:00:00,0.00153173,3343.5172630077727,58.23804913013693
2016-10-11 00:00:00,0.00148049,3197.7674225670044,44.16418288522744
2016-10-12 00:00:00,0.0014599,3150.3619011595883,51.460715533258615
2016-10-13 00:00:00,0.00143442,3078.3030292505873,31.533791473916448
2016-10-14 00:00:00,0.00143301,3047.800487831161,22.45680573288966
2016-10-15 00:00:00,0.001475,3123.5366767498404,16.23540253909438
2016-10-16 00:00:00,0.0014721,3074.051704355947,23.0253085184444
2016-10-17 00:00:00,0.0014745,3072.0184191025637,42.15349252136412
2016-10-18 00:00:00,0.00144157,2981.4152940690487,50.36624491930128
2016-10-19 00:00:00,0.00145557,2980.2453186674757,34.55504265928462
2016-10-20 00:00:00,0.00147531,3012.995679627165,26.318088540865222
2016-10-21 00:00:00,0.00145313,2948.2781179102335,40.13060377961452
2016-10-22 00:00:00,0.00145865,2909.232215276894,29.19132065787744
2016-10-23 00:00:00,0.00143172,2835.720321910574,36.806471165641554
2016-10-24 00:00:00,0.00143783,2819.8964123349215,12.56986138557089
2016-10-25 00:00:00,0.00144885,2829.4620281550488,18.748547911377944
2016-10-26 00:00:00,0.00141316,2729.3440997500416,28.826339024799047
2016-10-27 00:00:00,0.00134635,2589.488925532169,32.218835134554126
2016-10-28 00:00:00,0.00124046,2366.3706078054274,21.784567512931595
2016-10-29 00:00:00,0.00122562,2326.9553211094085,17.666526465174154
2016-10-30 00:00:00,0.00113141,2138.390021118152,42.79057878455244
2016-10-31 00:00:00,0.00113242,2126.4795367386223,26.664267037468825
2016-11-01 00:00:00,0.00110783,2069.7377451895995,12.49890226758378
2016-11-02 00:00:00,0.0011,2042.17266372282,25.6079651337917
2016-11-03 00:00:00,0.00118458,2194.2566499730883,51.004118559475465
2016-11-04 00:00:00,0.00121778,2243.9141349949305,23.243322476033505
2016-11-05 00:00:00,0.00130575,2344.6729807791867,42.77617616444777
2016-11-06 00:00:00,0.00131182,2345.8339810709863,21.765461155523845
2016-11-07 00:00:00,0.00126043,2197.8191446634523,27.648921568959196
2016-11-08 00:00:00,0.00134327,2327.0153852666162,20.276799898869413
2016-11-09 00:00:00,0.00130999,2248.5429291537357,23.277133146509797
2016-11-10 00:00:00,0.0013465,2295.66092659666,15.336844464132163
2016-11-11 00:00:00,0.00135546,1887.1785022969198,19.733475943222953
2016-11-12 00:00:00,0.00138615,1905.4362600154761,24.391999492317204
2016-11-13 00:00:00,0.00138981,1901.6690310227852,15.221863029385148
2016-11-14 00:00:00,0.00140198,1902.8956787673085,2.9893541262910865
2016-11-15 00:00:00,0.00139482,1888.1716340834676,4.075666847619401
2016-11-16 00:00:00,0.00132464,1779.7126292838125,25.223036107999437
2016-11-17 00:00:00,0.00131772,1759.8254773345668,11.466383850031939
2016-11-18 00:00:00,0.00134293,1790.2643739679504,12.956231049628014
2016-11-19 00:00:00,0.00133467,1772.1917422529311,11.432310331418998
2016-11-20 00:00:00,0.0013811,1818.482779540285,12.392367412905543
2016-11-21 00:00:00,0.00135819,1779.8289632652657,8.011195663412405
2016-11-22 00:00:00,0.00132802,1737.3800160465794,8.578542342360368
2016-11-23 00:00:00,0.00133069,1734.7371928655957,6.145378601443767
2016-11-24 00:00:00,0.00134805,1738.9696053765847,9.400793652386575
2016-11-25 00:00:00,0.00135559,1742.5554593087736,11.3097893748189
2016-11-26 00:00:00,0.00136522,1747.7448254458816,5.943668677161116
2016-11-27 00:00:00,0.00135736,1731.355170435552,24.863636265370626
2016-11-28 00:00:00,0.00136138,1702.3309756482163,14.399394439010756
2016-11-29 00:00:00,0.0013648,1700.1762561654734,9.737907716785998
2016-11-30 00:00:00,0.00131287,1627.842466184142,11.666887869167082
2016-12-01 00:00:00,0.00135249,1678.065440383358,5.518831861257235
2016-12-02 00:00:00,0.00128074,1590.1436950393224,7.749264710627142
2016-12-03 00:00:00,0.00134963,1673.1986866095224,13.757664463620888
2016-12-04 00:00:00,0.00134434,1666.1319910377995,5.029622737720434
2016-12-05 00:00:00,0.00134099,1663.4714037500125,15.732888285385954
2016-12-06 00:00:00,0.00130124,1615.5300721493745,33.88277257437509
2016-12-07 00:00:00,0.0013006,1613.614476226596,8.439958880594036
2016-12-08 00:00:00,0.00130492,1614.8900047314085,16.99300931434171
2016-12-09 00:00:00,0.0012882,1594.0112988074695,7.6797936723785725
2016-12-10 00:00:00,0.00127989,1578.7252366929183,8.671664703754788
2016-12-11 00:00:00,0.001293,1592.2411222804135,8.235958431974664
2016-12-12 00:00:00,0.00127496,1564.0896161463736,7.914437624036553
2016-12-13 00:00:00,0.00130007,1593.322768542577,13.632283945513954
2016-12-14 00:00:00,0.00129996,1588.1978105992735,10.385806661219025
2016-12-15 00:00:00,0.00129597,1581.342786613822,8.602133297002725
2016-12-16 00:00:00,0.00128073,1562.1652825879073,6.05728263771292
2016-12-17 00:00:00,0.00126585,1544.1467302106932,4.099770692563353
2016-12-18 00:00:00,0.00126618,1539.2649659581882,3.152521617902448
2016-12-19 00:00:00,0.00126193,1532.0575539548927,2.7779920222337746
2016-12-20 00:00:00,0.00125488,1522.4696871923231,7.4608378730560325
2016-12-21 00:00:00,0.00122199,1482.1579993747396,9.33489849937474
2016-12-22 00:00:00,0.00115192,1395.674203899925,7.0266714415116605
2016-12-23 00:00:00,0.00110002,1330.5151379393274,5.77555017087056
2016-12-24 00:00:00,0.0011,1329.0444007100255,5.331422241967487
2016-12-25 00:00:00,0.00113097,1366.4628318322798,6.110403942502685
2016-12-26 00:00:00,0.00110277,1327.6957071407203,3.219116176323926
2016-12-27 00:00:00,0.00108252,1303.6648930827512,6.771208934369773
2016-12-28 00:00:00,0.00103353,1239.8849565768562,5.754131582188551
2016-12-29 00:00:00,0.00104545,1254.3173269435572,5.323342788609876
2016-12-30 00:00:00,0.00104002,1247.5508984457867,4.900649403411024
2016-12-31 00:00:00,0.00104904,1257.2448596086542,2.6284409799554567
2017-01-01 00:00:00,0.00102307,1224.0539491517109,4.891935227796804
2017-01-02 00:00:00,0.000965704,1156.517809527791,7.031583853268633
2017-01-03 00:00:00,0.000955557,1142.8484345889165,3.714611184907779
2017-01-04 00:00:00,0.00088478,1057.383668730002,5.633777538550482
2017-01-05 00:00:00,0.00101001,1206.2279828174735,12.650219942051805
2017-01-06 00:00:00,0.00110972,1324.249740175606,8.865866249863576
2017-01-07 00:00:00,0.00110381,1317.5131900334773,6.951959484531924
2017-01-08 00:00:00,0.00107936,1288.3294479145823,4.480234785865645
2017-01-09 00:00:00,0.00110382,1317.5244886087632,2.637430596036141
2017-01-10 00:00:00,0.00108166,1285.8307182118663,5.323112543866808
2017-01-11 00:00:00,0.00128358,1524.003651666863,9.7754089998822
2017-01-12 00:00:00,0.00124502,1478.5845456188072,5.3656770049441045
2017-01-13 00:00:00,0.00120922,1436.0515561802847,5.937475751438388
2017-01-14 00:00:00,0.00119409,1418.034735691833,1.83270507033971
2017-01-15 00:00:00,0.00123511,1466.0479809373542,5.079034900221289
2017-01-16 00:00:00,0.00123808,1468.8585063657463,15.751785497169159
2017-01-17 00:00:00,0.00109654,1299.6179876817,17.128670631640492
2017-01-18 00:00:00,0.00113936,1347.873807475071,8.62973270220094
2017-01-19 00:00:00,0.0011073,1308.3456144541315,3.0337869233988446
2017-01-20 00:00:00,0.00111,1304.3024233275787,4.050057396979202
2017-01-21 00:00:00,0.00109,1280.3392915922716,2.8855595343780243
2017-01-22 00:00:00,0.00108265,1267.3682650153664,5.2605107059601695
2017-01-23 00:00:00,0.00108,1263.708719994942,1.6821197502752252
2017-01-24 00:00:00,0.00108561,1266.604748757615,2.0398885651945777
2017-01-25 00:00:00,0.00111298,1299.4188778388093,2.773279836212923
2017-01-26 00:00:00,0.00110213,1285.3322477196875,2.1721041268457904
2017-01-27 00:00:00,0.00109301,1274.6874990803249,2.410340309607373
2017-01-28 00:00:00,0.00113754,1321.6422680907879,2.065493190921228
2017-01-29 00:00:00,0.00109795,1275.82729906468,5.359860147828156
2017-01-30 00:00:00,0.00110157,1280.759573526515,1.4473784374753764
2017-01-31 00:00:00,0.00106668,1238.6219180302198,3.185926720425898
2017-02-01 00:00:00,0.00105618,1227.174558266001,5.979799217077733
2017-02-02 00:00:00,0.000998222,1161.321384145794,5.63678640811563
2017-02-03 00:00:00,0.000979585,1141.6118692753594,2.145709383140772
2017-02-04 00:00:00,0.000982747,1146.5652854659318,2.9479730024543227
2017-02-05 00:00:00,0.000992124,1118.1374706471768,4.716185347164918
2017-02-06 00:00:00,0.000975304,1099.3105908188609,2.0518492939488397
2017-02-07 00:00:00,0.000945264,1061.8270461604936,4.016220456564008
2017-02-08 00:00:00,0.000944075,1062.2964820163488,6.136370572207085
2017-02-09 00:00:00,0.00097752,1101.6527218282783,6.244686715079026
2017-02-10 00:00:00,0.00102749,1158.402633545184,10.310612164846079
2017-02-11 00:00:00,0.000987557,1112.8854949758206,9.691237135238554
2017-02-12 00:00:00,0.000992188,1118.8929088991692,1.6959146151932418
2017-02-13 00:00:00,0.000995895,1124.0136236798978,8.233642707574653
2017-02-14 00:00:00,0.000988227,1116.589577773918,5.338628308486447
2017-02-15 00:00:00,0.000981552,1107.1823640385612,2.6597419413569288
2017-02-16 00:00:00,0.000970425,1092.5672405434045,3.1983398226638413
2017-02-17 00:00:00,0.000945689,1065.0577747119848,3.653902728235017
2017-02-18 00:00:00,0.000922529,1037.2329344445318,3.8788998343751886
2017-02-19 00:00:00,0.000937956,1053.3394193262548,2.751318493621572
2017-02-20 00:00:00,0.000934921,1047.4877389991668,5.050267573794503
2017-02-21 00:00:00,0.000891502,995.3626353194179,8.913827393861757
2017-02-22 00:00:00,0.000881417,982.3422231920666,7.7496407967789365
2017-02-23 00:00:00,0.000857338,954.0895009381774,11.647914991133542
2017-02-24 00:00:00,0.000839352,932.7978313545345,18.534801978900266
2017-02-25 00:00:00,0.000865694,960.6710607102596,8.910133527650302
2017-02-26 00:00:00,0.000845974,937.4197412839072,4.489206201862634
2017-02-27 00:00:00,0.000843726,933.1387140229073,2.1884438073509656
2017-02-28 00:00:00,0.000834403,922.0072155415512,3.42643409031558
2017-03-01 00:00:00,0.000815549,901.394656882408,12.987996284125813
2017-03-02 00:00:00,0.000785356,866.1762844383401,12.107133160940322
2017-03-03 00:00:00,0.00077611,853.586233293784,4.793900722582354
2017-03-04 00:00:00,0.000805842,884.6194044564763,5.976569601951567
2017-03-05 00:00:00,0.000780968,855.6443562529029,4.343219932547637
2017-03-06 00:00:00,0.000781245,854.386226513291,4.198976474749174
2017-03-07 00:00:00,0.000807228,879.7664911313094,15.068728491753884
2017-03-08 00:00:00,0.000844603,920.553804785278,13.20697971143991
2017-03-09 00:00:00,0.000831431,904.9310636272554,15.099048819039195
2017-03-10 00:00:00,0.000788761,856.3983275512085,23.186539599367126
2017-03-11 00:00:00,0.000858666,926.565135081369,15.64957679026548
2017-03-12 00:00:00,0.000832325,894.7700145347409,21.97272607414682
2017-03-13 00:00:00,0.000838434,901.2317968758182,4.4722008261337525
2017-03-14 00:00:00,0.000809094,866.410160013138,6.101644459705594
2017-03-15 00:00:00,0.000802601,853.2922671372422,9.655900977580814
2017-03-16 00:00:00,0.000844788,898.2333963110577,22.223172106455152
2017-03-17 00:00:00,0.000978278,1035.1612130799078,54.89055606097266
2017-03-18 00:00:00,0.00100473,1058.397268236422,63.59286851801922
2017-03-19 00:00:00,0.00094935,998.19929235818,24.678952276928246
2017-03-20 00:00:00,0.00100535,1058.3509146404992,11.73639973668507
2017-03-21 00:00:00,0.000958053,1008.2724039761024,19.72075990064404
2017-03-22 00:00:00,0.00097276,1022.6940141055292,24.23567398276661
2017-03-23 00:00:00,0.000961862,1007.5754350620861,8.500917395058908
2017-03-24 00:00:00,0.00104553,1097.2306492377288,15.430752959492407
2017-03-25 00:00:00,0.00106514,1117.733395963026,20.608210149028483
2017-03-26 00:00:00,0.0010107,1062.2765939706035,19.007300413994855
2017-03-27 00:00:00,0.00115046,1203.579905541379,404.73122514572475
2017-03-28 00:00:00,0.00110399,1160.1022678029008,2019.1931389129616
2017-03-29 00:00:00,0.000996988,1046.1048726591616,131.73941112634444
2017-03-30 00:00:00,0.00115251,1207.0384260436263,165.97034738394262
2017-03-31 00:00:00,0.00103512,1082.9709612554113,83.63019025974026
2017-04-01 00:00:00,0.0010394,1087.3737524281055,91.62023219464596
2017-04-02 00:00:00,0.000966529,1010.9821454936184,68.13006261842916
2017-04-03 00:00:00,0.000919653,961.8922286196538,27.934684603061076
2017-04-04 00:00:00,0.000902551,943.7934200790484,13.837243407098695
2017-04-05 00:00:00,0.000905163,946.4931009283364,23.305090689130115
2017-04-06 00:00:00,0.000865359,904.7145380076885,21.32449585197275
2017-04-07 00:00:00,0.000850366,889.0915877934273,20.381977159078502
2017-04-08 00:00:00,0.00085592,894.9786897734525,13.130513321633694
2017-04-09 00:00:00,0.000837451,875.6654382926573,18.736066902102415
2017-04-10 00:00:00,0.000859344,898.6971285541563,6.109753130252719
2017-04-11 00:00:00,0.000869336,909.3116176784587,19.32292073392389
2017-04-12 00:00:00,0.000832257,870.6646183039111,19.949163426419116
2017-04-13 00:00:00,0.000862948,902.9480324175879,11.872500767156545
2017-04-14 00:00:00,0.000863528,903.7349660379602,11.739941103127014
2017-04-15 00:00:00,0.000896287,938.2144853960605,31.59167186906617
2017-04-16 00:00:00,0.000937709,981.7928663671489,32.010515427262106
2017-04-17 00:00:00,0.00106158,1111.8814643251776,221.6448332438832
2017-04-18 00:00:00,0.000980484,1027.5889389399351,71.89584076667646
2017-04-19 00:00:00,0.000996488,1044.9336397297657,86.53523945021298
2017-04-20 00:00:00,0.000878362,921.8148529768238,28.960712951843455
2017-04-21 00:00:00,0.000876829,921.0981534257359,50.32849071944671
2017-04-22 00:00:00,0.000875382,920.296994709872,19.08546769090299
2017-04-23 00:00:00,0.000827817,870.8927626332095,486.13495295239227
2017-04-24 00:00:00,0.000921881,970.6317238036597,569.000686976845
2017-04-25 00:00:00,0.00104005,1096.3733101793862,1961.7149331572118
2017-04-26 00:00:00,0.000959222,1012.528479289162,392.6951951131913
2017-04-27 00:00:00,0.000871314,920.9197867897342,120.6860850808177
2017-04-28 00:00:00,0.000909932,962.0619783665582,204.49561764985083
2017-04-29 00:00:00,0.000980108,1037.6157974303837,183.89517416818884
2017-04-30 00:00:00,0.000987258,1046.4405960214267,1798.8990044867687
2017-05-01 00:00:00,0.000911257,967.563137688446,109.01925184942792
2017-05-02 00:00:00,0.000887745,943.6991421130483,29.43480679565053
2017-05-03 00:00:00,0.000876632,933.9914306702439,38.30745783360367
2017-05-04 00:00:00,0.000879102,938.467809577369,28.572975091450576
2017-05-05 00:00:00,0.000881917,943.7943282263483,68.51631364824986
2017-05-06 00:00:00,0.000927125,994.1717483713971,79.11336835945278
2017-05-07 00:00:00,0.000967775,1039.5199782747204,108.24711043930058
2017-05-08 00:00:00,0.0010175,1096.514925921571,181.01019313304718
2017-05-09 00:00:00,0.00101081,1093.960886670662,190.6687651214832
2017-05-10 00:00:00,0.000969618,1056.4565711475564,124.32952749610213
2017-05-11 00:00:00,0.000933161,1024.6278823036994,75.38565514052753
2017-05-12 00:00:00,0.000939741,1039.1870290305574,74.98276709280213
2017-05-13 00:00:00,0.000957627,1067.3472030330715,31.66858892982941
2017-05-14 00:00:00,0.00095909,1078.971490442662,104.91744217138988
2017-05-15 00:00:00,0.000997255,1136.326644703131,52.709019471018244
2017-05-16 00:00:00,0.0009388886885666445,1081.9199302715756,54.92628646007554
2017-05-17 00:00:00,0.0009385748164090927,1092.4410175119338,47.88363168692397
2017-05-18 00:00:00,0.0009778010882289137,1152.193867916717,155.68543531862747
2017-05-19 00:00:00,0.000980277844992922,1164.6984962492857,48.29701820175992
2017-05-20 00:00:00,0.000947536163119366,1138.7849672110526,64.53787531010457
2017-05-21 00:00:00,0.0009574431434407421,1164.3379897499956,68.76920808564778
2017-05-22 00:00:00,0.0008506199200943891,1049.5578032865442,81.62423569950762
2017-05-23 00:00:00,0.0008691822023366812,1082.9184518022828,69.75020739856159
2017-05-24 00:00:00,0.0008159653245288355,1034.4302485875369,54.45128581499399
2017-05-25 00:00:00,0.0007205042833940344,929.7812370443824,53.76264357875715
2017-05-26 00:00:00,0.0006786535292430485,889.6557339805923,47.46360684633663
2017-05-27 00:00:00,0.0006428971156466154,856.8372033059178,51.71233914147853
2017-05-28 00:00:00,0.0006478441201948726,872.9602343007879,26.982702518168836
2017-05-29 00:00:00,0.0006572965826415416,896.1857672299487,27.136382611608088
2017-05-30 00:00:00,0.0006347188221555702,874.712990719635,41.98409017242611
2017-05-31 00:00:00,0.0006128139318231061,854.5653510437306,43.999251525031305
2017-06-01 00:00:00,0.0006621910493487509,933.5675364286586,273.75103573221185
2017-06-02 00:00:00,0.0007377664189646168,1050.8243190567107,110.5376435461902
2017-06-03 00:00:00,0.0007166387528368031,1030.9572264697777,92.69695207262885
2017-06-04 00:00:00,0.0006895246172641818,1003.7954577962333,93.63114567562572
2017-06-05 00:00:00,0.0007100705428348955,1050.9633392507005,72.96986029110847
2017-06-06 00:00:00,0.0007789792154864614,1176.8046798146127,147.92368809237792
2017-06-07 00:00:00,0.0007067540363202034,1088.2662259121762,121.1829367324925
2017-06-08 00:00:00,0.0006912770160404313,1092.3075513559666,61.648295289321666
2017-06-09 00:00:00,0.0007232166315562648,1168.416495259565,291.17285797059856
2017-06-10 00:00:00,0.0006707302306661171,1117.7008320006337,106.62254912813356
2017-06-11 00:00:00,0.0006611643995755777,1131.4744389120708,68.92431360188726
2017-06-12 00:00:00,0.0006198481811103535,1092.1700157237183,63.39948832354676
2017-06-13 00:00:00,0.0006338664143786478,1144.1574019421064,126.99256863631754
2017-06-14 00:00:00,0.0006389876607219646,1183.0000294801805,61.28523923689967
2017-06-15 00:00:00,0.000645009102836699,1222.3116001486296,217.01676986872548
2017-06-16 00:00:00,0.0006452585066792959,1248.5248802609165,70.89189770341585
2017-06-17 00:00:00,0.0006696765562011851,1320.0356224621908,438.348445218909
2017-06-18 00:00:00,0.0006665685388930983,1339.468812337142,83.56189643693345
2017-06-19 00:00:00,0.0006805024447540051,1393.42674798587,91.04137593194753
2017-06-20 00:00:00,0.0006453712511942771,1361.9224337965245,77.02047240856183
2017-06-21 00:00:00,0.0006347360553756558,1408.9902694031575,68.80314471473244
2017-06-22 00:00:00,0.0006324124959946498,1461.5134996060838,139.62206521523544
2017-06-23 00:00:00,0.0006032562736035721,1444.698634739137,76.5316061026872
2017-06-24 00:00:00,0.0006406842121511394,1580.8607440618139,245.81878515917592
2017-06-25 00:00:00,0.000596612703263189,1512.6524444661925,72.45948361662376
2017-06-26 00:00:00,0.0008198760287831721,2136.5370800588453,2534.1188644639715
2017-06-27 00:00:00,0.000719494014763198,1955.812811729052,1173.1359154242066
2017-06-28 00:00:00,0.0007371261350120709,2054.181833988079,395.78676635188356
2017-06-29 00:00:00,0.0006339468425012552,1802.8877648577445,161.93500168418433
2017-06-30 00:00:00,0.0006156897372596812,1789.9886162376988,92.89807643111095
2017-07-01 00:00:00,0.0005293514976105953,1565.785734030303,101.73210383753731
2017-07-02 00:00:00,0.0005053641645783054,1520.8939586625747,74.39802458059994
2017-07-03 00:00:00,0.0004971799100335744,1521.9030043863834,64.82162998682277
2017-07-04 00:00:00,0.0005370738419915207,1670.9742133391705,96.25200156080687
2017-07-05 00:00:00,0.00048493215185113517,1530.2014654376496,98.72811742554005
2017-07-06 00:00:00,0.0004892066780894298,1567.8071159076144,192.74144412178242
2017-07-07 00:00:00,0.0003958065386591083,1287.4577395907213,86.21286086233465
2017-07-08 00:00:00,0.0003968615947187644,1306.240174397209,50.68320456748554
2017-07-09 00:00:00,0.00039570522276942665,1317.17249958113,47.168728602174504
2017-07-10 00:00:00,0.0004007911201553385,1349.7394458536914,108.63044589057473
2017-07-11 00:00:00,0.0004160704902272365,1414.9571285566474,280.9122867974592
2017-07-12 00:00:00,0.00044374864710329797,1522.4199584603484,103.0443061046669
2017-07-13 00:00:00,0.0004072888781415342,1406.8458387878995,73.49533215147862
2017-07-14 00:00:00,0.0004310565317468199,1496.8205294381178,64.1269430205489
2017-07-15 00:00:00,0.0004809473927383456,1677.2684420679175,103.10427372555809
2017-07-16 00:00:00,0.0004435555226111737,1553.6991477125748,70.3042878453251
2017-07-17 00:00:00,0.0004410849971756819,1551.7176123241732,45.118841899257774
2017-07-18 00:00:00,0.0004100089102558209,1444.3756989690137,83.14694452111965
2017-07-19 00:00:00,0.00041031848729977465,1445.309532531112,60.21269374437946
2017-07-20 00:00:00,0.00037270284626883245,1308.6379608475872,69.30253068716142
2017-07-21 00:00:00,0.00037801923368270486,1326.7526273986396,41.06029242024767
2017-07-22 00:00:00,0.0003752602537667179,1313.5786295169464,35.40425808922358
2017-07-23 00:00:00,0.00038191488694251343,1336.4874681323354,49.193722719271896
2017-07-24 00:00:00,0.0003685207816131143,1299.064499807194,34.61492628585979
2017-07-25 00:00:00,0.0003784587603075951,1344.864180057088,38.93089223725375
2017-07-26 00:00:00,0.0003737503881602106,1338.6131777229652,50.31448483534068
2017-07-27 00:00:00,0.0003488438678567689,1257.2737656444665,43.3389850641146
2017-07-28 00:00:00,0.0003176971458529232,1150.359126333225,42.838694487372
2017-07-29 00:00:00,0.00034890851147332066,1256.4150140047786,25.91381003600775
2017-07-30 00:00:00,0.00033910477776510526,1216.0198990271124,50.40986726487002
2017-07-31 00:00:00,0.0003342060332090158,1196.1945787401412,12.902696594252175
2017-08-01 00:00:00,0.00034748211135063247,1240.7853009076134,32.036293228787
2017-08-02 00:00:00,0.0003481922205035552,1248.6023304602672,12.406096377169888
2017-08-03 00:00:00,0.00033862253383076297,1218.1027987495017,12.844395778587948
2017-08-04 00:00:00,0.00034232437547868956,1236.2500524655864,29.861136324544773
2017-08-05 00:00:00,0.0003007826911193039,1083.3774446176672,48.48548236476981
2017-08-06 00:00:00,0.00029849948980421306,1072.1552434706093,17.306730107751086
2017-08-07 00:00:00,0.0002756695320472195,989.5463846015516,30.186814908890817
2017-08-08 00:00:00,0.0002786514440549047,1000.1591697231646,178.278972465847
2017-08-09 00:00:00,0.00027407372032561345,987.4497921597804,22.017223496353836
2017-08-10 00:00:00,0.00026322178110721483,941.7369893642779,23.211326347785764
2017-08-11 00:00:00,0.00024715204733267087,881.0409452262271,18.709673455969202
2017-08-12 00:00:00,0.00022002817932533742,779.8548971381457,12.465965090299818
2017-08-13 00:00:00,0.00022979163832380852,808.6933040045099,18.48911995738451
2017-08-14 00:00:00,0.0002174603136598572,763.9469977599384,21.54214593108211
2017-08-15 00:00:00,0.00021495430975965307,754.7052264290712,28.96393381773792
2017-08-16 00:00:00,0.00021573877293459994,760.4086280157151,21.149969236893813
2017-08-17 00:00:00,0.00021443994035245785,755.8731269901084,21.099811567744855
2017-08-18 00:00:00,0.00020320854339356796,710.8464473561041,12.432336920324667
2017-08-19 00:00:00,0.0002006924646503223,702.0880684752327,12.212593379158818
2017-08-19 00:00:00,0.00021773201592868867,760.0739447129655,13.252425896877828
2017-08-20 00:00:00,0.00021685721313903305,754.0663106732763,47.226897992595816
2017-08-21 00:00:00,0.0002314503696674209,798.1778932321104,26.715043228264094
2017-08-22 00:00:00,0.00021710318013373558,746.4432855230891,44.717473511959845
2017-08-23 00:00:00,0.0002309529691411692,797.8619057965093,144.14280188674059
2017-08-24 00:00:00,0.00022425246328336,778.6550093240647,60.364750827846514
2017-08-25 00:00:00,0.00023464478951678067,814.9851773745278,31.231752970860644
2017-08-26 00:00:00,0.00022763097366797227,789.3238314211402,21.49256360296369
2017-08-27 00:00:00,0.00022025974921373464,762.5134813872913,21.709063426016346
2017-08-28 00:00:00,0.0002211465258033567,769.0903397938915,16.747156428850833
2017-08-29 00:00:00,0.0002143643332097538,749.3364648190128,18.63312701829778
2017-08-30 00:00:00,0.00022287592792590412,784.1931870499242,9.701899541070784
2017-08-31 00:00:00,0.00021524895251612565,753.1156180508506,20.038444466783623
2017-09-01 00:00:00,0.0002049441330085854,717.5280595791613,17.68029142904933
2017-09-02 00:00:00,0.00020823026702276987,731.0777267929129,25.001039129326987
2017-09-03 00:00:00,0.00021220397407941568,749.1042197533824,23.709141495769636
2017-09-04 00:00:00,0.00021721464645505585,770.862198072025,32.6116609144468
2017-09-05 00:00:00,0.0002275026949391687,810.8287048709948,87.24833762458152
2017-09-06 00:00:00,0.00021825696722596344,776.9598822096737,39.70012735707924
2017-09-07 00:00:00,0.000214082637729046,760.3328990015515,23.12830262889801
2017-09-08 00:00:00,0.00022230605679253833,783.4416684938783,18.829047769460228
2017-09-09 00:00:00,0.00022307664592033556,790.3241950024639,11.861181741698216
2017-09-10 00:00:00,0.0002262359357993744,804.7286894242561,10.405714522577625
2017-09-11 00:00:00,0.00022418901666280448,801.9676052720841,16.03662201815526
2017-09-12 00:00:00,0.0002271237086319127,811.4569113857921,10.488059600332633
2017-09-13 00:00:00,0.0002455673978804153,874.8466244536692,52.823330479402244
2017-09-14 00:00:00,0.0002618080845601269,929.8870748517286,30.92259142994162
2017-09-15 00:00:00,0.0002647913823375359,941.7279033696229,35.27473173230909
2017-09-16 00:00:00,0.00026072301711524534,922.2847294196741,15.582562674453124
2017-09-17 00:00:00,0.0002539222101250151,896.1387090622617,11.177307239756042
2017-09-18 00:00:00,0.00028185596233488237,974.5750521010968,63.266508553477394
2017-09-19 00:00:00,0.0002532345266250454,877.8830687605125,45.53572013549172
2017-09-20 00:00:00,0.00024608018468238893,851.1770861656718,51.67985800661169
2017-09-21 00:00:00,0.00026367404314130805,916.1417910715102,26.115349535531035
2017-09-22 00:00:00,0.00026580846789368194,927.7757498683642,101.61561041786715
2017-09-23 00:00:00,0.00026503155570561834,926.5874231646404,17.66681980521729
2017-09-24 00:00:00,0.00026583172602841855,929.6196600510783,9.304627999674233
2017-09-25 00:00:00,0.00026322158538748844,914.1840961242851,49.34839907502535
2017-09-26 00:00:00,0.0002525531043003112,871.56581400246,25.009240922305747
2017-09-27 00:00:00,0.00025002020094422263,864.0030590695814,44.372217172758624
2017-09-28 00:00:00,0.0002462388142537291,850.4546918932444,35.61781877652196
2017-09-29 00:00:00,0.0002493054254534965,862.9472954972854,21.28991744343088
2017-09-30 00:00:00,0.00023511102649696029,817.8543954400081,26.82464523412107
2017-10-01 00:00:00,0.00021718597004026608,759.0619246871494,15.865257778409703
2017-10-02 00:00:00,0.00021163322337116423,746.0623486546538,26.659422795283675
2017-10-03 00:00:00,0.00021903100414794347,775.4137799155536,16.853908106014067
2017-10-04 00:00:00,0.00022253098673449942,793.0338999567223,8.267026789870114
2017-10-05 00:00:00,0.00023207411932015887,830.2119752688055,52.39872441264747
2017-10-06 00:00:00,0.00022189735757630158,792.382371960876,14.737431228232877
2017-10-07 00:00:00,0.000222998325630979,792.8484699467083,8.148164439875357
2017-10-08 00:00:00,0.00020296807011379854,719.9985805501132,22.42016332413928
2017-10-09 00:00:00,0.00019262399499272184,686.9850026857628,23.1006394591317
2017-10-10 00:00:00,0.00019933268360810874,712.4843789892763,14.352058231678688
2017-10-11 00:00:00,0.00020131360067390217,719.8308012080511,5.527849278532082
2017-10-12 00:00:00,0.00018335653285567264,649.2524645281042,15.557244980464667
2017-10-13 00:00:00,0.00017264788049317092,604.4878804216074,14.727832428835745
2017-10-14 00:00:00,0.00016672255189350286,581.0854459067089,16.25748526178948
2017-10-15 00:00:00,0.00017252536150227517,601.4939730697857,7.436158402629006
2017-10-16 00:00:00,0.00016663201908778387,579.7476204983894,10.949506546821478
2017-10-17 00:00:00,0.000176150936509386,611.1285469750923,10.636831104830396
2017-10-18 00:00:00,0.00017467875984380154,602.5977024136347,15.9954830022181
2017-10-19 00:00:00,0.00017253858944741072,592.4347121158495,8.370778304824155
2017-10-20 00:00:00,0.00015867381452153701,543.3056465481382,8.725703670329324
2017-10-21 00:00:00,0.00015878327896610262,542.3249244418394,16.420052029623093
2017-10-22 00:00:00,0.00016380069190044606,558.0239121145471,9.855780042789304
2017-10-23 00:00:00,0.00016057808630279294,547.1145902150787,10.86286968798753
2017-10-24 00:00:00,0.0001776269133703189,601.9802738157113,17.636365517383425
2017-10-25 00:00:00,0.00018366619376577748,617.7562837439609,19.429144939761315
2017-10-26 00:00:00,0.00016925155990286096,559.9219032565223,18.98634018325111
2017-10-27 00:00:00,0.00017795511441235032,583.8940425069095,11.557247931622667
2017-10-28 00:00:00,0.00016639812622335452,546.1236422088363,7.269364828606743
2017-10-29 00:00:00,0.0001605424104055672,529.0578809469224,7.340447581504459
2017-10-30 00:00:00,0.00015914047901090977,526.574838503871,5.28268552638383
2017-10-31 00:00:00,0.0001515488929092899,503.67607965966897,7.868770560769227
2017-11-01 00:00:00,0.00014490263991676967,479.5123956231339,179.76943637213665
2017-11-02 00:00:00,0.00014005824584521057,465.04169630091565,29.4111398339491
2017-11-03 00:00:00,0.00013527593611997702,450.4947049833224,12.144465250883409
2017-11-04 00:00:00,0.000132408366779985,440.71926270167836,5.907517692953211
2017-11-05 00:00:00,0.00013226463441455728,440.48686389934875,8.763924806697549
2017-11-06 00:00:00,0.00013522624626221652,449.9401823557207,13.067413217979198
2017-11-07 00:00:00,0.00014070114303132132,468.004503686215,15.419200477873286
2017-11-08 00:00:00,0.00013412434622177866,448.0663868118253,20.004264364546643
2017-11-09 00:00:00,0.00014087476714323444,466.121358031917,122.97812486731898
2017-11-10 00:00:00,0.00014533984426172037,481.2269099833922,34.54966105791982
2017-11-11 00:00:00,0.00015576691538991518,517.0847869298548,26.450741265725515
2017-11-12 00:00:00,0.0001640496054487723,545.5597587891173,36.08795188931169
2017-11-13 00:00:00,0.0001563660462116377,522.2073971325572,22.22399800538165
2017-11-14 00:00:00,0.000153905239183301,507.693214798285,35.36296997906
2017-11-15 00:00:00,0.000140146865085668,460.796866086477,25.0079538645466
2017-11-16 00:00:00,0.000125629960505091,410.120387998434,9.99282873381233
2017-11-17 00:00:00,0.000126182490689291,413.556173197165,18.5009630581956
2017-11-18 00:00:00,0.00012850311629369,422.614880717104,9.59527322145843
2017-11-19 00:00:00,0.000120707577958537,398.586320440482,10.4408703609435
2017-11-20 00:00:00,0.000120495972231816,399.018797166491,7.88822069075116
2017-11-21 00:00:00,0.000118285666898934,391.46262946068,8.65726578337653
2017-11-22 00:00:00,0.000202732626665748,673.637133628173,2496.24751274098
2017-11-23 00:00:00,0.000169652676693291,564.970388164254,194.430514258933
2017-11-24 00:00:00,0.00015306295417055,511.435830477089,74.3844870424949
2017-11-25 00:00:00,0.000192852858717271,646.247808180129,596.058485845823
2017-11-26 00:00:00,0.000171183184377567,576.257206050708,87.8371505502886
2017-11-27 00:00:00,0.000170053090192906,575.386704437101,145.063955521697
2017-11-28 00:00:00,0.000154609539472409,526.063132512436,78.4449898790071
2017-11-29 00:00:00,0.000126390359015468,432.456999626607,57.6761779668069
2017-11-30 00:00:00,0.000129146505174058,444.191397462853,63.1981349056043
2017-12-01 00:00:00,0.00013915241819547,480.805279750553,86.5201436657206
2017-12-02 00:00:00,0.000217928480077043,756.43563841638,513.176502064538
2017-12-03 00:00:00,0.000204162603603964,712.206747127574,219.577897369909
2017-12-04 00:00:00,0.000202956578995189,712.250744411241,62.8567380228157
2017-12-05 00:00:00,0.000229429225900311,809.91017521372,247.635174084936
2017-12-06 00:00:00,0.000235319003275824,835.523888350144,585.594336388103
2017-12-07 00:00:00,0.00055852584704917,1997.03709241666,2500.17246259834
2017-12-08 00:00:00,0.000778086101396501,2800.76138245398,3005.70427773142
2017-12-09 00:00:00,0.0006172307811389,2237.95351456108,430.954049738377
2017-12-10 00:00:00,0.000778780171622135,2845.81149412006,1493.82165697781
2017-12-11 00:00:00,0.000689092158732269,2538.72645660723,444.603347123855
2017-12-12 00:00:00,0.000661162004218979,2455.76527202463,231.607862040277
2017-12-13 00:00:00,0.00064925608186231,2433.61695974181,214.701113325872
2017-12-14 00:00:00,0.000625073434051722,2364.03960397886,184.183805985403
2017-12-15 00:00:00,0.000598734974185775,2285.10855181344,212.882629476012
2017-12-16 00:00:00,0.000570299907395356,2196.67605060627,148.220428865088
2017-12-17 00:00:00,0.000597406685955285,2324.01774934947,194.808535905345
2017-12-18 00:00:00,0.000681917539808724,2681.5172982231,375.043522600591
2017-12-19 00:00:00,0.000780035514968971,3103.44461964246,354.007440215108
2017-12-20 00:00:00,0.000812334003920013,3274.99683452988,601.8958240099
2017-12-21 00:00:00,0.00084782836691807,3465.93338572984,328.018197295043
2017-12-22 00:00:00,0.000657288412674984,2723.36805719594,279.526731300933
2017-12-23 00:00:00,0.000655545639869903,2752.87344933535,222.822797728454
2017-12-24 00:00:00,0.000682025231951603,2904.50539000023,231.634955507553
2017-12-25 00:00:00,0.000709936420873524,3067.04744723802,166.909309468335
2017-12-26 00:00:00,0.000604009270895574,2648.51481586657,137.92435024764
2017-12-27 00:00:00,0.000584257004551764,2599.82389756941,90.5971159760157
2017-12-28 00:00:00,0.000553630408201096,2498.31645546112,108.493206712198
2017-12-29 00:00:00,0.000575766209338976,2631.09093790671,174.002611323787
2017-12-30 00:00:00,0.000560674355504662,2589.95164477482,153.068329973293
2017-12-31 00:00:00,0.000544844406618671,2542.88201408287,75.237451329213
2018-01-01 00:00:00,0.000638534685354386,3011.18909850051,384.272740427902
2018-01-02 00:00:00,0.000697280159495539,3326.84705954145,557.200024007907
2018-01-03 00:00:00,0.0006698423713635092,3247.6992549645206,285.7342242495199
2018-01-04 00:00:00,0.000591558817348043,2939.1404625527794,221.90672403247416
2018-01-05 00:00:00,0.0004497234341961763,2292.900987822745,138.86694249783113
2018-01-06 00:00:00,0.00047148295364692245,2461.418721496633,229.35260835782333
2018-01-07 00:00:00,0.0005183850684465854,2768.142570475317,269.36293082284476
2018-01-08 00:00:00,0.0005112288808959957,2790.814820135429,234.19849418693116
2018-01-09 00:00:00,0.0005360999808009038,2994.3188941658673,185.87711370233063
2018-01-10 00:00:00,0.00046573251684092163,2659.577180733004,120.19054757061944
2018-01-11 00:00:00,0.0004208697232266881,2452.0998006045097,223.5362431572856
2018-01-12 00:00:00,0.0004536495132598814,2687.6474486071943,139.89644163268932
2018-01-13 00:00:00,0.0004754908781393907,2862.1964193614244,135.1510986685515
2018-01-14 00:00:00,0.0004284712469053377,2619.186888713997,73.65177896989017
2018-01-15 00:00:00,0.00045841831769202984,2851.264751361075,211.69605447123064
2018-01-16 00:00:00,0.00035145401862133815,2220.8674658058,128.57879106250965
2018-01-17 00:00:00,0.00036429293155746637,2339.373361309814,114.46800657188221
2018-01-18 00:00:00,0.00036693069854261125,2383.9960824914574,78.29088564550204
2018-01-19 00:00:00,0.00047647895291940827,3130.66874775655,306.7776511589659
2018-01-20 00:00:00,0.0005578049014501443,3705.660839364532,899.8727123838528
2018-01-21 00:00:00,0.0007086324832456181,4767.013941374751,962.0655698737745
2018-01-22 00:00:00,0.0006514595328536025,4444.524682995278,396.4621152385427
2018-01-23 00:00:00,0.0005914765137476721,4089.8589905504778,232.24755672610365
2018-01-24 00:00:00,0.0006659651747742108,4660.340381457905,620.3257219062917
2018-01-25 00:00:00,0.000646365224702437,4577.4686765764245,190.57779239503847
2018-01-26 00:00:00,0.0005998769145345973,4306.342405138659,164.16101381492902
2018-01-27 00:00:00,0.0006105681917871435,4431.209031554455,237.8562198850337
2018-01-28 00:00:00,0.0005890858916236637,4363.905870963904,86.32458913835991
2018-01-29 00:00:00,0.0005668127583914745,4266.816806602805,81.1424878207146
2018-01-30 00:05:15,0.0005689698008488482,4281.508561813798,83.11741828009876
2018-01-31 00:00:00,0.00048188337987450035,3683.6471461566266,86.78005386422204
2018-02-01 00:00:00,0.0005080737349565187,3941.477516787366,187.1182328607342
2018-02-02 00:00:00,0.0004601469435905088,3614.2103640233436,155.88167957473152
2018-02-03 00:00:00,0.00046284177062226774,3678.7464645321015,257.5770755000445
2018-02-04 00:00:00,0.000452371222697605,3634.9733183262133,78.76879878819867
2018-02-05 00:00:00,0.0004238552870889798,3441.934236872831,50.85304648481322
2018-02-06 00:00:00,0.0003925932662625039,3221.9485509207025,59.32591745830989
2018-02-07 00:00:00,0.00041311226977187735,3423.8278101828355,184.6641940048291
2018-02-08 00:05:14,0.0003959986639852393,3309.4744865412085,79.79392396361169
2018-02-09 00:00:00,0.00039399643865817004,3318.6942542550746,61.20625798464465
2018-02-10 00:00:00,0.00044961224196199927,3818.118399047347,153.11174774323638
2018-02-11 00:00:00,0.0005443562700884005,4658.642874849329,435.9247031641393
2018-02-12 00:00:00,0.0005159281309743119,4451.344849617277,110.7590919609688
2018-02-13 00:00:00,0.0005062060618705619,4404.036271995209,73.67790511446512
2018-02-14 00:00:00,0.0005631473564451326,4939.68195219458,136.3456593215801
2018-02-15 00:00:00,0.000568671611765784,5029.860599055535,110.89416507471701
2018-02-16 00:00:00,0.0005308370830397726,4735.651232343198,95.91986764690365
2018-02-17 00:00:00,0.0005391205353599383,4850.484169369961,54.65706618343542
2018-02-18 00:00:00,0.0004953197568902781,4495.388872521561,58.007751718145386
2018-02-19 00:00:00,0.00046921764638367707,4294.97058807889,57.819379662172544
2018-02-20 00:00:00,0.00046809923161277326,4323.927626551204,73.45534342524678
2018-02-21 00:00:00,0.00040739306929749746,3795.6078958923104,54.81013744772497
2018-02-22 00:00:00,0.0003897990174939001,3691.6184913081884,35.963958849057285
2018-02-23 00:00:00,0.00038634775642969736,3658.933085262642,35.84199143039574
2018-02-24 00:00:00,0.00038747896039079013,3696.062608553887,49.234005678279395
2018-02-25 00:00:00,0.0003841650442754642,3687.527652806813,22.047627293814294
2018-02-26 00:00:00,0.00037888486800162404,3659.859600014295,22.03587281984408
2018-02-27 00:00:00,0.0003660317985292394,3558.9674405976325,27.09515101614553
2018-02-28 00:00:00,0.00035442327177985316,3468.1603700135192,28.58311276477435
2018-03-01 00:00:00,0.00033173510778593425,3268.67293161305,20.416894307024908
2018-03-02 00:00:00,0.00033581142002212487,3330.6112449214365,79.92118774368365
2018-03-03 00:00:00,0.00031430399528533813,3136.375765241346,61.12630507643385
2018-03-04 00:00:00,0.00031870071785660895,3198.38479419357,60.713058340499614
2018-03-05 00:00:00,0.0003095653848927839,3125.243656242816,26.710094406466844
2018-03-06 00:00:00,0.00030750079448741276,3124.7689534412584,88.12176467715592
2018-03-07 00:00:00,0.00031412625425118724,3213.057982678507,66.11813458092873
2018-03-08 00:00:00,0.00028673943763680477,2952.139930422168,69.83117223560433
2018-03-09 00:00:00,0.00027558106792794013,2854.311344807817,38.041309724370095
2018-03-10 00:00:00,0.00027259724158620695,2837.2193501534002,33.25453246841208
2018-03-11 00:00:00,0.000262780946874469,2747.34484254463,29.672826797572274
2018-03-12 00:00:00,0.0002662465505765623,2796.0414001898844,29.73439455576969
2018-03-13 00:00:00,0.00028161392956886584,2971.1424186626577,270.1969347233734
2018-03-14 00:00:00,0.00028948247872346823,3067.631352908657,442.4379089976177
2018-03-15 00:00:00,0.00029734888761148037,3164.779659841909,1101.7749888178043
2018-03-16 00:00:00,0.00027880484671724375,2980.291379105145,507.4029533133576
2018-03-17 00:00:00,0.0002619788914326426,2810.784625125394,203.1577717478499
2018-03-18 00:00:00,0.00024385145261751823,2625.264015687614,163.28351775929457
2018-03-19 00:00:00,0.00023178128213616284,2503.6390604699363,254.47840256100483
2018-03-20 00:00:00,0.00025145590978457524,2724.9313867219944,447.8262200693235
2018-03-21 00:00:00,0.0002558634429974263,2781.26351449731,1180.9669934901003
2018-03-22 00:00:00,0.0002551737815897375,2782.393479856844,321.61055702408044
2018-03-23 00:00:00,0.0002523071740606203,2761.0950486217293,232.3737903094067
2018-03-24 00:00:00,0.00022171244598389084,2434.1414796417525,42.273574652540255
2018-03-25 00:00:00,0.00023400795997767122,2577.668349557962,759.7142404732366
2018-03-26 00:00:00,0.00024067698600327065,2659.722094353102,180.01382374196785
2018-03-27 00:00:00,0.00022543435235562083,2499.948163720144,215.16778578021814
2018-03-28 00:00:00,0.0002192634514359922,2439.7641578389143,220.76112453366653
2018-03-29 00:00:00,0.0002275440137976665,2539.3019967285495,167.0378506401808
2018-03-30 00:00:00,0.00023128126795053232,2588.0725431191854,142.6148890281254
2018-03-31 00:00:00,0.00022843180514329537,2562.6976129298564,169.08015296000096
2018-04-01 00:00:00,0.00022520867371701305,2531.923152827311,88.8603761177813
2018-04-02 00:00:00,0.0002079906409421539,2342.9172305934026,25.90729929063584
2018-04-03 00:00:00,0.00024304419289727084,2743.151823233667,467.7568950908392
2018-04-04 00:00:00,0.0003252094339062236,3677.507954162513,14973.871875225646
2018-04-05 00:00:00,0.0003745150220147372,4243.852550887086,8752.55046917681
2018-04-06 00:00:00,0.0003067091636508835,3484.92122344127,2678.7870225064157
2018-04-07 00:00:00,0.00028584108561889284,3256.471151134199,1108.1923207923162
2018-04-08 00:00:00,0.0002897094318213541,3308.096687564973,1247.2157348863184
2018-04-09 00:00:00,0.00029252521097060077,3347.8659147221338,777.909669667747
2018-04-10 00:00:00,0.00029160032868697465,3346.4998505182157,975.0575258936295
2018-04-11 00:00:00,0.00027900699571809976,3211.2338072874263,31.802198081456797
2018-04-12 00:00:00,0.00028856654186776857,3330.1531201128655,395.8725782840679
2018-04-13 00:00:00,0.0003022026143932005,3497.2530519803463,4634.416078117086
2018-04-14 00:00:00,0.0003067141071351337,3559.3175312184076,5336.987400574549
2018-04-15 00:00:00,0.0002996394722492191,3489.939886418047,644.0269972194621
2018-04-16 00:00:00,0.0003024519150771437,3537.4534025890666,1129.1206520042072
2018-04-17 00:00:00,0.00031195069335013937,3665.2032172308727,991.4536935737951
2018-04-18 00:00:00,0.0003324306894274943,3922.8500127425937,1703.9942728515246
2018-04-19 00:00:00,0.0003645225960090369,4320.684143359538,2435.656087270268
2018-04-20 00:00:00,0.0003797503543752677,4522.037219622693,2729.545314582575
2018-04-21 00:00:00,0.0003758848358980303,4495.21351843159,2612.478270017827
2018-04-22 00:00:00,0.0003705220589117756,4453.286099957686,1635.3260500709898
2018-04-23 00:00:00,0.0003689250484346762,4455.161389325104,1025.7068506450905
2018-04-24 00:00:00,0.00037536159334584473,4556.689675489301,1193.607032386456
2018-04-25 00:00:00,0.0003657411817893421,4462.018278911975,1911.8068476103156
2018-04-26 00:00:00,0.0004101396749258047,5029.6416772768,7110.765309642971
2018-04-27 00:00:00,0.00039347809667117,4850.967958299945,2982.5522422052577
2018-04-28 00:00:00,0.0003989379474553817,4945.1426419910495,2282.423593435042
2018-04-29 00:00:00,0.00039328616073371607,4902.63330833909,1288.4874588044709
2018-04-30 00:00:00,0.00037991575527224767,4766.078102139832,1042.2880611905948
2018-05-01 00:00:00,0.0003590102473116302,4534.355429144471,668.0622254322956
2018-05-02 00:00:00,0.00036050319362430634,4583.613889801113,681.0714848253399
2018-05-03 00:00:00,0.0003781437921128344,4837.6268091531965,1110.8499697461496
2018-05-04 00:00:00,0.0003688642475654943,4747.97559322484,729.4598149295891
2018-05-05 00:00:00,0.0003531540456191042,4572.136750777337,460.66270793852243
2018-05-06 00:00:00,0.0003498561249396417,4554.844412821309,466.4877120114088
2018-05-07 00:00:00,0.00034281060602617334,4489.0095845642645,374.0744342043692
2018-05-08 00:00:00,0.00032970921586343924,4342.752078085871,349.1697897681768
2018-05-09 00:00:00,0.0003321453619043207,4398.084541661157,257.4899450985421
2018-05-10 00:00:00,0.00031337629021372304,4170.9259206564675,249.29092073973501
2018-05-11 00:00:00,0.0002891907641733883,3868.5288551808417,288.371730702613
2018-05-12 00:00:00,0.0002683728693929894,3607.1211042604386,769.5005599496197
2018-05-13 00:00:00,0.00026753592472802766,3611.850826883781,425.191066589341
2018-05-14 00:00:00,0.0002881263425962905,3905.67041756684,736.9856133409443
2018-05-15 00:00:00,0.00031037481046001115,4224.2688320694315,1641.0615354627225
2018-05-16 00:00:00,0.0002894103706479991,3955.982770349012,1130.9120352974273
2018-05-17 00:00:00,0.0002819583007333693,3870.817444581838,467.225613951918
2018-05-18 00:00:00,0.0002739547676693935,3777.457092762482,286.8648851540442
2018-05-19 00:00:00,0.0002785902589016041,3856.0964821567145,305.7019428909407
2018-05-20 00:00:00,0.00027644666532831936,3841.173336977255,233.65567741309007
2018-05-21 00:00:00,0.0002732670972022848,3812.5514907210045,172.61735718216042
2018-05-22 00:00:00,0.0002676908771196244,3751.005566476635,207.16620032821555
2018-05-23 00:00:00,0.00026069661186912734,3668.839468605781,202.24739822468564
2018-05-24 00:00:00,0.00025256215230892276,3569.859189096196,259.1488075961349
2018-05-25 00:00:00,0.00025822074964300303,3664.363403786671,313.57566406684015
2018-05-26 00:00:00,0.0002488188357654751,3545.42456719897,129.6145716133057
2018-05-27 00:00:00,0.00024961944728806864,3570.110753675677,73.24289143282498
2018-05-28 00:00:00,0.00024864417436832594,3569.7916220871125,76.79490821850082
2018-05-29 00:00:00,0.00022739783820255595,3276.6445796034423,130.14795704256994
2018-05-30 00:00:00,0.00023209417599434937,3355.670746092606,207.16297537180898
2018-05-31 00:00:00,0.00023515247182212298,3410.2998983626976,164.86491624653164
2018-06-01 00:00:00,0.00023884600303425947,3473.811378492716,112.98628649386717
2018-06-02 00:00:00,0.00023518187361954457,3430.3543420672268,105.99737271604727
2018-06-03 00:00:00,0.0002406155397075972,3519.0739716544417,102.66753470978352
2018-06-04 00:00:00,0.0002440460811912637,3579.367254141428,156.89700578333031
